Name,Gender,LastLetter
Ashutosh,Male,h
Meghamala,Female,a
Sahib,Male,b
Pragya,Female,a
Kranti,Female,i
Tulika,Female,a
Aarushi,Female,i
Abhicandra,Male,a
Pratigya,Female,a
Devak,Male,k
Kashiprasad,Male,d
Madhavi,Female,i
Charusila,Female,a
Chithayu,Male,u
Manmayi,Female,i
Mahajabeen,Female,n
Krishnakumar,Male,r
Kailas,Male,s
Nidhyathi,Female,i
Nainika,Female,a
Madirakshi,Female,i
Adil,Male,l
Devadyumna,Male,a
Harijatha,Female,a
Rupal,Female,l
Eka,Female,a
Ilampirai,Female,i
Soham,Male,m
Acalapati,Male,i
Naveen,Male,n
Jalendu,Male,u
Shrivalli,Female,i
Wajeeh,Male,h
Kumar,Male,r
Sudhan,Male,n
Ilanthirayan,Male,n
Agneya,Male,a
Oma,Female,a
Kali,Female,i
Ajaatshatru,Male,u
Rishabh,Male,h
Hariraj,Male,j
Abhay,Male,y
Gudiya,Female,a
Neelabja,Female,a
Punit,Male,t
Soumil,Male,l
Sarbani,Female,i
Sharvani,Female,i
Tripuri,Female,i
Punita,Male,a
Shandar,Male,r
Naisha,Female,a
Danvir,Male,r
Suday,Male,y
Sonika,Female,a
Mrudu,Female,u
Ramavatar,Male,r
Puji,Female,i
Radhakrishna,Male,a
Jaspal,Male,l
Dhruv,Male,v
Ketan,Male,n
Prama,Female,a
Mannan,Male,n
Kunjabihari,Male,i
Chitrarath,Male,h
Ranjini,Female,i
Tarika,Female,a
Thirumal,Male,l
Muralidhar,Male,r
Muhilan,Male,n
Adrika,Female,a
Arghya,Male,a
Tarak,Male,k
Suhrit,Male,t
Sunetra,Female,a
Jehangir,Male,r
Anshu,Male,u
Chakrika,Female,a
Harmya,Female,a
Sarjana,Female,a
Khushboo,Female,o
Ambalika,Female,a
Rashmika,Female,a
Ayeh,Female,h
Dasharath,Male,h
Jagachandra,Male,a
Irshaad,Male,d
Ritu,Female,u
Subramani,Male,i
Charvi,Female,i
Purushottam,Male,m
Nithilam,Female,m
Vedavrata,Male,a
Jagadayu,Male,u
Durga,Female,a
Ekalavya,Male,a
Dyumna,Female,a
Sampriti,Female,i
Chitrarekha,Female,a
Pari,Female,i
Rajashri,Female,i
Kushik,Male,k
Chumban,Female,n
Ankush,Male,h
Sunayani,Female,i
Deshna,Female,a
Tanuja,Female,a
Nauka,Female,a
Tarunika,Female,a
Kalash,Male,h
Krishi,Female,i
Shrikirti,Female,i
Kartikeya,Male,a
Bulbul,Female,l
Lingappan,Male,n
Adhik,Male,k
Saranya,Female,a
Rambha,Female,a
Anumati,Female,i
Sanjiv,Male,v
Umrao,Female,o
Baidehi,Female,i
Aadarsh,Male,h
Ganjan,Male,n
Devadarshan,Male,n
Kalyani,Female,i
Malaya,Male,a
Ganesh,Male,h
Farha,Female,a
Adesh,Male,h
Pritika,Female,a
Alagan,Male,n
Shridevi,Female,i
Deepinder,Male,r
Gunitha,Female,a
Chanchari,Female,i
Shabab,Female,b
Adya,Female,a
Prapti,Female,i
Nagasri,Female,i
Gandharaj,Male,j
Kilimoli,Female,i
Yatisa,Male,a
Sujata,Female,a
Prasana,Female,a
Kovida,Male,a
Chandani,Female,i
Sabhya,Male,a
Archita,Female,a
Sarwar,Male,r
Madhukar,Male,r
Ramswaroop,Male,p
Uday,Male,y
"Farukh, Farokh",Male,h
Angana,Female,a
Kamitha,Female,a
Brijabala,Female,a
Lalita,Female,a
Vanca,Female,a
Gambheer,Male,r
Anhithi,Female,i
Mehul,Female,l
Vijeta,Female,a
Prashansa,Female,a
Vanajaksi,Female,i
Chandrakin,Female,n
Kshiti,Female,i
Sanemi,Female,i
Swadhinta,Female,a
Mrigankamouli,Male,i
Sneha,Female,a
Kimaya,Female,a
Teertha,Female,a
Amar,Male,r
Kala,Female,a
Priya,Male,a
Abja,Female,a
Niharika,Female,a
Seemanti,Female,i
Kalyan,Male,n
Nikhat,Male,t
Rajanikanta,Male,a
Namacharya,Male,a
Giridari,Male,i
Jag,Male,g
Bibek,Male,k
Chatura,Female,a
Trailokva,Male,a
Naresh,Male,h
Acchindra,Male,a
Fajyaz,Female,z
Labuki,Female,i
Nalika,Female,a
Ahijit,Male,t
Parvani,Female,i
Ramratan,Male,n
Navrang,Male,g
Krishnakanta,Male,a
Kriya,Female,a
Javed,Male,d
Dehabhuj,Male,j
Ekanjeet,Male,t
Kanwaljeet,Male,t
Mitravinda,Female,a
Shaistakhan,Male,n
Sarani,Female,i
Iravan,Male,n
Sudhir,Male,r
Utanka,Male,a
Nipuna,Female,a
Dhitha,Female,a
Madhu,Male,u
Nina,Female,a
Rabhya,Female,a
Jalbhushan,Male,n
Madangopal,Male,l
Avinash,Male,h
Nirupam,Male,m
Vishwanath,Male,h
Amitrasudan,Male,n
Jnanaprakash,Male,h
Sunasi,Male,i
Avnita,Female,a
Shubhranshu,Male,u
Laksh,Male,h
Lalitkishore,Male,e
Chayana,Female,a
Nirvani,Female,i
Kshanika,Female,a
Sanvali,Female,i
Tanay,Male,y
Nibodh,Male,h
Kokila,Female,a
Chitramaya,Female,a
Elil,Male,l
Suneet,Male,t
Srijan,Male,n
Chirag,Male,g
Chitrita,Female,a
Vineet,Male,t
Harish,Male,h
Githika,Female,a
Aditi,Female,i
Kanal,Male,l
Ishat,Male,t
Ecchumati,Female,i
Panna,Female,a
Brahmacharini,Female,i
Iham,Male,m
Mehmood,Male,d
Seemantini,Female,i
Shoorsen,Male,n
Tirthankara,Male,a
Bhupathi,Male,i
Inbanathan,Male,n
Elili,Female,i
Haroon,Male,n
Kalavathi,Female,i
Abdul-Hameed,Male,d
Charita,Female,a
Kotijit,Male,t
Susmita,Female,a
Brinda,Female,a
Daaruk,Male,k
Nilay,Male,y
Shree,Female,e
Mudra,Female,a
Gulab,Female,b
Swaraj,Male,j
Sumati,Female,i
Edhitha,Female,a
Ambuja,Female,a
Shanti,Female,i
Mehboob,Male,b
Shashanka,Male,a
Apparajito,Male,o
Sharvari,Female,i
Tridhara,Female,a
Bhadra,Female,a
Vendan,Male,n
Yashoda,Female,a
Hridik,Male,k
Manav,Male,v
Rugu,Female,u
Padmesh,Male,h
Vikranta,Male,a
Nanak,Male,k
Indivar,Male,r
Rangana,Female,a
Bahuputri,Female,i
Kumari,Female,i
Amulya,Male,a
Bijli,Female,i
Shirin,Female,n
Kananbala,Female,a
Tunga,Female,a
Chevatkodiyon,Male,n
Thamarai,Female,i
Tapani,Female,i
Neel,Male,l
Mukti,Female,i
Isha,Female,a
Rampratap,Male,p
Nitya,Female,a
Jagamohana,Male,a
Tukaram,Male,m
Pururava,Male,a
Jasapal,Male,l
Archan,Male,n
Priyal,Female,l
Jaidhara,Male,a
Taral,Male,l
Veera,Male,a
Chandraleksha,Female,a
Savanth,Male,h
Jaisinha,Male,a
Ekatan,Male,n
Narun,Male,n
Udyam,Male,m
Mareechi,Male,i
Pramada,Female,a
Angad,Male,d
Sudhithi,Female,i
Irumporai,Male,i
Balgopal,Male,l
Menitha,Female,a
Aiman,Male,n
Gyan; Gyani,Male,i
Prathysha,Female,a
Jusal,Male,l
Nimisha,Female,a
Shyam,Male,m
Shubhang,Male,g
Sanjith,Male,h
Jyotirmoyee,Female,e
Hiranyadha,Female,a
Logambal,Female,l
Tariq,Male,q
Ziyad,Male,d
Shubhendu,Male,u
Shrenik,Male,k
Samiya,Female,a
Ramprasad,Male,d
Aravan,Male,n
Chahna,Female,a
Daniel,Male,l
Jalindra,Male,a
Mandana,Female,a
Dwij,Male,j
Govardhan,Male,n
Magadhi,Female,i
Monisha,Female,a
"Shamshu, Shamshad",Male,d
Kripa,Female,a
Sanjivani,Female,i
Gauri,Female,i
Mohnish,Male,h
Parameshwari,Female,i
Shubhra,Female,a
Gatita,Female,a
Akhilesh,Male,h
Manju,Female,u
"Atul, Atulya",Male,a
Haraksa,Male,a
Harshavardhan,Male,n
Dayasagara,Male,a
Kunran,Male,n
Yaalchelvan,Male,n
Raivath,Male,h
Sabri,Female,i
Saroj,Female,j
Haripriya,Female,a
Acaryanandana,Male,a
Noopur,Female,r
Charu,Male,u
Samudrasen,Male,n
Ramkumar,Male,r
Bageshri,Female,i
Sarit,Female,t
"Sumeet, Sumit",Male,t
Akhil,Male,l
Dilber,Female,r
Mekhala,Female,a
Tapomay,Male,y
Harekrishna,Male,a
Avani,Female,i
Atal,Male,l
Sumedha,Female,a
Shalin,Female,n
Nehal,Female,l
Sati,Female,i
Sananda,Female,a
Ikshu,Female,u
Kush,Male,h
Keyuri,Female,i
Chaitanya,Female,a
Kunshi,Female,i
Parnik,Female,k
Shrinath,Male,h
Javesh,Male,h
Kalpana,Female,a
Zayd,Male,d
Sawan,Male,n
Ikshitha,Female,a
Husnain,Male,n
Qayyam,Male,m
Aghat,Male,t
Aaratrika,Female,a
Amari,Female,i
Namrata,Female,a
Vyomaang,Male,g
Shubhankar,Male,r
Hemadri,Male,i
Rupak,Male,k
Chandramukhi,Female,i
Sadhya,Female,a
Meera,Female,a
Maaran,Male,n
Chandrani,Female,i
Jairaj,Male,j
Nagendra,Male,a
Satyaki,Male,i
"Gopi, Gopika",Female,a
Acalesvara,Male,a
Akshit,Male,t
Aadarshini,Female,i
Trinetra,Female,a
Iravati,Female,i
Agnikumara,Male,a
Shreyas,Male,s
Dhairyash,Male,h
Jacob,Male,b
Shakyasinha,Male,a
Chanasya,Female,a
Mananya,Female,a
Deepali,Female,i
Nyneishia,Female,a
Amrusha,Female,a
Pakhi,Female,i
Jahan,Male,n
Kaviraj,Male,j
Achyut,Male,t
Dishen,Male,n
Fadi,Male,i
Sakina,Female,a
Palanikumar,Male,r
Izna,Female,a
Romila,Female,a
Sachet,Male,t
Yamini,Female,i
Saleem,Male,m
Omanand,Male,d
Ramila,Female,a
Aabharana,Female,a
Kaustav,Male,v
Bhayanashini,Female,i
Varuna,Female,a
Tuhinsurra,Male,a
Harita,Female,a
Sundaravel,Male,l
Nimita,Female,a
Keemaya,Female,a
Meenakshi,Female,i
Bhagavathi,Female,i
Punthali,Female,i
Treya,Female,a
Vyomdev,Male,v
Minnoli,Female,i
Netravati,Female,i
"Asit, Ashit",Male,t
Ganitha,Female,a
Priyamvada,Female,a
Mohak,Male,k
Sivanta,Male,a
Rajeev,Male,v
Banhi,Female,i
Abhirathi,Female,i
Hari,Male,i
Sumanta,Male,a
Paandu,Male,u
Kalapini,Female,i
Mitra,Male,a
Saujanya,Female,a
Palak,Female,k
Rajalakshmi,Female,i
Devnarayan,Male,n
Urja,Female,a
Ishanika,Female,a
Paranjay,Male,y
Ilamurugu,Male,u
Denise,Male,e
Manaka,Female,a
Arivunambi,Male,i
Parnal,Female,l
Meghashyam,Male,m
Udantika,Female,a
Tamasa,Female,a
Saanjh,Female,h
"Lav, Luv",Male,v
Vrinda,Female,a
Abdul-Jabaar,Male,r
Unnat,Male,t
Bharat,Male,t
Rijuta,Female,a
Yogendra,Male,a
Giridhar,Male,r
Kajal,Female,l
Adwaita,Male,a
Induja,Female,a
Sutanuka,Female,a
Jaigath,Male,h
Ekantha,Female,a
Raviprabha,Female,a
Indradutt,Male,t
Mahati,Female,i
Manisila,Female,a
Dakshina,Male,a
Madhup,Male,p
Lajja,Female,a
Kanak,Male,k
Chellam,Female,m
Shrigauri,Female,i
Maahir,Male,r
Dayanita,Female,a
Suren,Male,n
Tamra,Male,a
Ajaat,Male,t
Mangesh,Male,h
Patala,Female,a
Rwiju,Male,u
Neela,Female,a
Shyamala,Female,a
Ira,Female,a
Ushakanta,Male,a
Rina,Female,a
Habib,Male,b
Sravanthi,Female,i
Laabh,Male,h
Pratibha,Female,a
Sohail,Male,l
Bahubali,Male,i
Abhinatha,Male,a
Manayi,Female,i
Indrajeet,Male,t
Hemani,Female,i
Kamini,Female,i
Abhidhya,Female,a
Ahilya,Female,a
Nedumaan,Male,n
Suhrid,Male,d
Jeemutbahan,Male,n
Sushama,Female,a
Bhumi,Male,i
Geeta,Female,a
Basabi,Female,i
Deviprasad,Male,d
Oojam,Male,m
Bashir,Male,r
Hassan,Male,n
Harsh; Haarsha,Male,a
Rajesh,Male,h
Ranjiv,Male,v
Shakti,Male,i
Sulakshana,Female,a
"Vighnesh, Vignesh",Male,h
Udayasooriyan,Male,n
Jeevitha,Female,a
Ariktha,Female,a
Mandarmalika,Female,a
Jhoomer,Male,r
Ihit,Male,t
Manoritha,Female,a
Vidula,Female,a
Bhaskar,Male,r
Bhanuja,Female,a
Madhuparna,Female,a
Nirmitha,Female,a
Dayada,Male,a
Eshita,Female,a
Aastha,Female,a
Heramba,Male,a
Karabi,Female,i
Pralay,Male,y
Virabhadra,Male,a
Kaushik,Male,k
Suryakanti,Female,i
Samita,Female,a
Dandapaani,Male,i
Shaurav,Male,v
Jhilmil,Female,l
Prabhati,Female,i
Anirvan,Male,n
Radha,Female,a
Ravindra Svarup,Male,p
Mrinal,Female,l
Iraja,Female,a
Vikas,Male,s
Vardhana,Male,a
Vallabhesvara,Male,a
Sudeepta,Female,a
Sandananda,Male,a
Mukta,Female,a
Chiman,Male,n
Guru,Male,u
Zarir,Male,r
Geet,Male,t
Suraj,Male,j
Rasesh,Male,h
Rustom,Male,m
Tanya,Female,a
Baldev,Male,v
Tribhuvaneshwari,Female,i
Stuti,Female,i
Tarjani,Female,i
Abdul-Ghafoor,Male,r
Shankar,Male,r
Elilarasu,Male,u
Kaliranjan,Male,n
Pratap,Male,p
Rajanigandha,Female,a
Doyel,Female,l
Dharmendu,Male,u
Guna,Female,a
Dhvanya,Male,a
Suchira,Female,a
Aruni,Male,i
Bratati,Female,i
Daiwik,Male,k
"Keshori, Ketaki",Female,i
Purala,Female,a
Deependu,Male,u
Jwalia,Male,a
Lydia,Female,a
Makur,Male,r
Gulfam,Male,m
Kadambari,Female,i
Sumitra,Female,a
Murari,Male,i
Shorashi,Female,i
Kruti,Female,i
Bandhananashini,Female,i
Katyayani,Female,i
Himaghna,Male,a
Abhyudita,Male,a
Supriti,Female,i
Savitashri,Female,i
Utsav,Male,v
Tufan,Male,n
Deeptikana,Female,a
Chanda,Female,a
Sadhan,Male,n
Datta,Male,a
Mihika,Female,a
Sugita,Female,a
Rushil,Male,l
Snehal,Female,l
Satish,Male,h
Sendhil,Male,l
Somnath,Male,h
Bhanu,Male,u
Mehrunissa,Female,a
Hindola,Female,a
Taarank,Male,k
Devya,Female,a
Subhang,Male,g
Gaganasindhu,Female,u
Amanda,Male,a
Tripurasundari,Female,i
Tridib,Male,b
Lekh,Male,h
Paramesh,Male,h
Varana,Female,a
Shankari,Female,i
Jui,Female,i
Vandana,Female,a
Aaliya,Female,a
Hastin,Male,n
Ranga,Male,a
Sagar,Male,r
Chitrasen,Male,n
Tapasi,Female,i
Siya,Female,a
Faiz,Male,z
Ori,Male,i
Hasrat,Female,t
Greeshma,Female,a
Latika,Female,a
Tarani,Female,i
Mahabala,Male,a
Daha,Male,a
Prajesh,Male,h
Thulasi,Female,i
Champakavathi,Female,i
Ipsa,Female,a
Abhilash,Male,h
Kalpa,Male,a
Chadna,Female,a
Vatsal,Male,l
Omarjeet,Male,t
Sudhamay,Male,y
Shakambari,Female,i
Shirish,Male,h
Udita,Female,a
Ihina,Female,a
Hiral,Female,l
Dakshina,Female,a
Nigam,Male,m
Mandar,Male,r
Sevita,Female,a
Hemlata,Female,a
Pari,Male,i
Isar,Male,r
Kundan,Male,n
Manibhushan,Male,n
Anadi,Male,i
Laghuvi,Female,i
Ahsan,Male,n
Saloni,Female,i
Shaila,Female,a
Cheliyan,Male,n
Khemprakash,Male,h
Makshi,Female,i
Riya,Female,a
Sabrang,Male,g
Madhushri,Female,i
Akshay,Male,y
Vishwambhar,Male,r
Suhina,Female,a
Ajanta,Female,a
Asita,Female,a
Danta,Male,a
Shabnum,Female,m
Mithi,Female,i
Kanan,Female,n
Manas,Male,s
Shukti,Female,i
Anuttam,Male,m
"Ananga, Anang",Male,g
Krandasi,Female,i
Arumugan,Male,n
Nipun,Male,n
Abjit,Male,t
Abdul-Azeez,Male,z
Shekhar,Male,r
Shaheena,Female,a
Nimai,Male,i
Ganika,Female,a
Kumud,Female,d
"Ganga, Gangotri",Female,i
Namuchi,Female,i
Sinsapa,Female,a
Eelampirai,Female,i
Ravi,Male,i
Utsavi,Female,i
Mahith,Male,h
Prateep,Male,p
Dayakar,Male,r
Sahil,Male,l
Shiv,Male,v
Prateet,Male,t
Harshini,Female,i
Ekaling,Male,g
"Shatrughna, Shatrughan",Male,n
Jatan,Male,n
Soman,Male,n
Sinha,Male,a
Phoolan,Female,n
"Rajarshi, Rajrishi",Male,i
Sanyog,Male,g
Bharani,Female,i
Ziya,Male,a
Kahini,Female,i
Jaigopal,Male,l
Lohita,Female,a
Desiha,Female,a
Bahulika,Female,a
Tamali,Female,i
Janya,Male,a
Kishmish,Female,h
Saroja,Female,a
Sutra,Female,a
Elilarasan,Male,n
Samarjit,Male,t
Madhu,Female,u
Zarna,Female,a
Iraiyavan,Male,n
Radheshyam,Male,m
Raakhi,Female,i
Neelesh,Male,h
Kanhaiya,Male,a
Mukut,Male,t
Shrilata,Female,a
Balakrishna,Male,a
Neeladri,Male,i
Shwetika,Female,a
Naval,Male,l
Ashraf,Male,f
Nikhilesh,Male,h
Dhanvi,Female,i
Noshi,Female,i
Leela,Female,a
Jowaki,Female,i
Udayan,Male,n
Yuval,Male,l
Viresh,Male,h
Kanan,Male,n
Pundarik,Male,k
Azhar,Male,r
Nedumaran,Male,n
Latikara,Female,a
Aninditha,Female,a
Lavali,Female,i
Sudhakar,Male,r
Swarnika,Female,a
Gunalakshmi,Female,i
Rajit,Male,t
Anupama,Female,a
Bindu,Female,u
Prabhakar,Male,r
Aafreen,Male,n
Avni,Female,i
"Sajni, Sajani",Female,i
Surina,Female,a
Maniram,Male,m
Kunti,Female,i
Shrikrishna,Male,a
Sachika,Female,a
Amir,Male,r
Ekaja,Female,a
Omesh,Male,h
Harendra,Male,a
Sarvadaman,Male,n
Suvarna,Female,a
Maari,Male,i
Banbihari,Male,i
Vijay,Male,y
Ranganath,Male,h
Tvesa,Female,a
Meher,Female,r
Gyandev,Male,v
Randhir,Male,r
Sanwariya,Male,a
Pranavi,Female,i
Gurveer,Male,r
Sikata,Female,a
Dandak,Male,k
Malaya,Female,a
Lajwanti,Female,i
Jaidayal,Male,l
Elilvendan,Male,n
Ajinkya,Male,a
Kavini,Female,i
Rishi,Male,i
Satyendra,Male,a
Tanmaya,Female,a
Faarooq,Male,q
Aparijita,Female,a
Foolmala,Female,a
Padmalochana,Female,a
Smarajit,Male,t
Ihitha,Female,a
Vilokan,Male,n
Abdul-Jaleel,Male,l
Taanusiya,Female,a
Vamana,Male,a
Farida,Female,a
Samskara,Female,a
Shishupal,Male,l
Haadiya,Male,a
Sahitha,Female,a
Yaalmani,Male,i
Shirshirchandra,Male,a
Ganendra,Male,a
Sanabhi,Male,i
Manika,Female,a
Sankari,Female,i
Sanjukta,Female,a
Chintya,Male,a
Kapardini,Female,i
Pivari,Female,i
Mohal,Male,l
Varun,Male,n
Jayanta,Male,a
Pratiti,Female,i
Satyasheel,Male,l
"Falguni, Phalguni",Male,i
Bakula,Female,a
Gaura,Female,a
Imaran,Male,n
Dinapati,Male,i
Laavanya,Male,a
Kandan,Male,n
Utsa,Female,a
Eka,Male,a
Upala,Female,a
Tapati,Female,i
Sayam,Male,m
Mahasweta,Female,a
Bilva,Male,a
Mandira,Female,a
Badrinath,Male,h
Acira,Female,a
Shreshta,Male,a
Tarpan,Male,n
Vaijnath,Male,h
Barsha,Female,a
Pravin,Male,n
Ayush,Male,h
Benazir,Female,r
Salila,Female,a
Devabrata,Male,a
Vidyut,Male,t
Somalakshmi,Female,i
Prasheila,Female,a
Vihanga,Male,a
Dwaraka-daas,Male,s
Zev,Male,v
Tripti,Female,i
Heer,Male,r
Shyamal,Female,l
Uttam,Male,m
Talat,Male,t
Rajas,Male,s
Maitreyi,Female,i
Ekagrah,Male,h
Ibraheem,Male,m
Ekana,Male,a
Devansh,Male,h
Aanadi,Female,i
Pragun,Male,n
Tarit,Male,t
Upama,Female,a
Nikunja,Male,a
Aachman,Male,n
Gunwanti,Female,i
Sandhaya,Female,a
Wajidali,Male,i
Tamarai,Female,i
Nachiketa,Male,a
Chandranath,Male,h
DuraiMurugan,Male,n
Sahana,Female,a
Pandhari,Male,i
Anusri,Female,i
Sarfaraz,Male,z
Swapnasundari,Female,i
Ameya,Male,a
Ishita,Female,a
Amrapali,Female,i
Aleem,Male,m
Kaartikeya,Male,a
Surekha,Female,a
Subodh,Male,h
Iyyappan,Male,n
Siraj,Male,j
Bina,Female,a
Vaikunth,Male,h
Vijul,Female,l
Rashi,Female,i
Vennela,Female,a
Nilavoli,Female,i
Thirumalai,Male,i
Baha Udeen,Male,n
Chakradhar,Male,r
Akalmash,Male,h
Seemanta,Male,a
Anjana,Female,a
Sarojini,Female,i
Divya,Female,a
Kamalesh,Male,h
Vimal,Male,l
Palanimurugan,Male,n
Deeptimoy,Male,y
Haimavati,Female,i
Mahaj,Male,j
Kulavardhini,Female,i
Samidha,Female,a
Ratnamala,Female,a
Kuber,Male,r
Baanke Bihaari,Male,i
Qasim,Male,m
Praval,Male,l
Ainesh,Male,h
Anju,Female,u
Bhagaditya,Male,a
Piyali,Female,i
Teerthankar,Male,r
Devdutta,Male,a
Rebanta,Male,a
Neeharika,Female,a
Bhoomika,Female,a
Ghanashyam,Male,m
Garati,Female,i
Hiranya,Female,a
Sinchana,Female,a
Umed,Male,d
Namdev,Male,v
Nuti,Female,i
Raksha,Female,a
Naasih,Male,h
Sanjula,Female,a
Nityapriya,Female,a
Gaurika,Female,a
Dheeran,Male,n
Evyavan,Male,n
Rajhans,Female,s
Dhevaneyan,Male,n
Pannalal,Male,l
Janith,Male,h
Srinivas,Male,s
Markandeya,Female,a
Ratnakar,Male,r
Khalid,Male,d
Uma,Female,a
Tarakeshwar,Male,r
Himadri,Male,i
Sundar,Male,r
Sunaya,Female,a
Manorama,Female,a
Nazima,Female,a
Nagarjun,Male,n
Shrigeeta,Female,a
Ayati,Female,i
Apala,Female,a
Kapila,Female,a
Tamal,Male,l
"Arun, Aroon",Male,n
Unnati,Female,i
Shantala,Female,a
Ashritha,Female,a
Deepamala,Female,a
Yahvi,Female,i
Poojan,Male,n
Ketana,Female,a
Prahlad,Male,d
Dilip,Male,p
Orion,Male,n
Prayag,Male,g
Adhira,Female,a
Ikshu,Male,u
Farzana,Female,a
Gnanamangala,Female,a
Sushrut,Male,t
Ibhanan,Male,n
Oorjit,Male,t
Moksha,Female,a
Ryna,Male,a
Kamadha,Female,a
Shaunak,Male,k
Aranam,Female,m
Zahir,Male,r
Vyomakesh,Male,h
Abhimoda,Male,a
Sohan,Male,n
Nand,Male,d
Rathin,Male,n
Sutej,Male,j
Hemamdar,Male,r
Latangi,Female,i
Umrao,Male,o
Vasuki,Female,i
Thiruvoli,Male,i
Viplab,Male,b
Varindra,Male,a
Chaaya,Female,a
Oindrila,Female,a
Mansukh,Male,h
Harini,Female,i
Lalana,Female,a
Basudha,Male,a
Zeena,Female,a
Ankitha,Female,a
Sarbajit,Male,t
Farhad,Male,d
Purnendu,Male,u
Sugreev,Male,v
Jignesh,Male,h
Sarang,Male,g
Shabalini,Female,i
Vallari,Female,i
Rana,Male,a
Musheer,Male,r
Bhairav,Male,v
Pinga,Female,a
Kasturi,Female,i
Juhi,Female,i
"Falguni, Phalguni",Female,i
Timila,Female,a
Gaganadipika,Female,a
Neeraja,Female,a
Rohit,Male,t
Utkarsha,Female,a
Shivanne,Female,e
Zakir,Male,r
Chandrodaya,Male,a
Sarama,Female,a
Pujita,Female,a
Deepitha,Female,a
Hemavati,Female,i
Daksha,Female,a
Himani,Female,i
Mriganka,Male,a
Ranjana,Female,a
Madur,Male,r
Zerelda,Female,a
Ranjudeep,Female,p
Champakali,Female,i
Gnanamalar,Female,r
Sanobar,Male,r
Guruttam,Male,m
Gaurav,Male,v
Lalima,Female,a
Anandalakshmi,Female,i
Wafiya,Female,a
Bandhula,Female,a
Shaili,Female,i
Yasmeen,Female,n
Omswaroop,Male,p
Kushala,Female,a
Jivika,Female,a
Tamas,Male,s
Udichi,Female,i
Mrinalini,Female,i
Manjari,Female,i
Ajitesh,Male,h
Padmaroopa,Female,a
Rajeshri,Female,i
Rituraj,Male,j
Radhani,Female,i
Chakrapani,Male,i
Suruchi,Female,i
Harshit,Male,t
Hasna,Female,a
Khemchand,Male,d
Ina,Female,a
Eshanya,Female,a
Payal,Female,l
Samit,Female,t
Mahijith,Male,h
Patralika,Male,a
Devakanya,Female,a
Kanika,Female,a
Yoosuf,Male,f
Viraj,Male,j
Jyotirmoy,Male,y
Omkareshwari,Female,i
Sapan,Male,n
Manindra,Male,a
Bandhura,Female,a
Kishorekumar,Male,r
Rupali,Female,i
Aparna,Female,a
Ranjika,Female,a
Karunamay,Male,y
Aalia,Female,a
Riddhiman,Male,n
Nityasree,Female,e
Sulochana,Female,a
Malini,Female,i
Grhitha,Female,a
Shrihari,Male,i
Ulupi,Female,i
Jyestha,Male,a
Maheepati,Male,i
Suvarnaprabha,Female,a
Elavarasi,Female,i
Kalki,Male,i
Yamuna,Female,a
Lekha,Female,a
Kaandhal,Female,l
Maniya,Female,a
Tarunima,Female,a
Parikshit,Male,t
Hoor,Female,r
Neelmadhav,Male,v
Natesh,Male,h
Kadambini,Female,i
Alamgir,Male,r
Raka,Female,a
Shripal,Male,l
Bhanudas,Male,s
Sudhamayi,Female,i
Pran,Male,n
Mritsa,Female,a
Kunal,Male,l
Aadidev,Male,v
Pachaimani,Male,i
Milap,Male,p
Arushi,Female,i
Elumalai,Male,i
Kajjali,Female,i
Vedvalli,Female,i
Brahmadutt,Male,t
Nachni,Female,i
Firdaus,Male,s
Hamsini,Female,i
Titir,Male,r
Suniti,Female,i
Goerge,Male,e
Hetal,Female,l
Utpalakshi,Female,i
Pramila,Female,a
Surajit,Male,t
Lingammal,Female,l
Devahuti,Female,i
Vadiraj,Male,j
Aditri,Female,i
Kairavi,Female,i
Charuprabha,Female,a
Bhagwant,Male,t
Lambodar,Male,r
Pavani,Female,i
Pavak,Male,k
Marisa,Female,a
Mrinali,Female,i
Kailashchandra,Male,a
Kanakabati,Female,i
Sudeep,Male,p
Kanwalkishore,Male,e
Induprabha,Female,a
Sahaj,Male,j
Champamalini,Female,i
Nishith,Male,h
Gnanamani,Female,i
Manadha,Female,a
Mriganayani,Female,i
Balamani,Female,i
Rafat,Male,t
Ekanath,Male,h
Dwijain,Male,n
Aran,Male,n
Purnanada,Male,a
Shattesh,Male,h
Jitendra,Male,a
Kunja,Male,a
Rupashi,Female,i
Kalpita,Female,a
Antini,Female,i
Raksha,Male,a
Vasant,Male,t
Fawiza,Female,a
Kamalapathi,Male,i
Sarthak,Male,k
Aadi,Male,i
Niyati,Female,i
Manishankar,Male,r
Abdul-Haafiz,Male,z
Abhithi,Female,i
Keyur,Male,r
Manasi,Male,i
Arivarasu,Male,u
Smita,Female,a
Prabha,Female,a
Garry,Male,y
Kanchan,Male,n
Sunandini,Female,i
Kushal,Male,l
Ammar,Male,r
Shabari,Female,i
Havish,Male,h
Anjasa,Male,a
Virata,Female,a
Suchandra,Female,a
Sejal,Female,l
Jayad,Male,d
Jeevan,Male,n
Mangala,Female,a
Edhas,Male,s
Kamod,Male,d
Charuvardhana,Male,a
Dheemant,Male,t
Chittaranjan,Male,n
Kartik,Male,k
Punita,Female,a
Prasiddhi,Male,i
Karishma,Female,a
Sumedh,Male,h
Sitara,Female,a
Samgram,Male,m
Grihith,Male,h
Jabbar,Male,r
Darshan,Male,n
Naseen,Female,n
Ruksana,Female,a
Viswajit,Male,t
Devika,Female,a
Shardul,Male,l
Anbu,Male,u
Oppilan,Male,n
Agriya,Male,a
Zamir,Male,r
Heera,Female,a
Bhajan,Male,n
Kalpini,Female,i
Aaheli,Female,i
Narois,Female,s
Naini,Female,i
Lingamoorthy,Male,y
Aayushi,Female,i
Vyasa,Male,a
Omprakash,Male,h
Piyush,Male,h
Rajkumari,Female,i
Shankhamala,Female,a
"Arati, Aaarti",Female,i
"Ethaha, Etasha",Female,a
Aathmika,Female,a
Parameshwar,Male,r
Gunalan,Male,n
Sandeepan,Male,n
Mohan,Male,n
Vipra,Male,a
Pankaja,Female,a
Gandhik,Male,k
Yaduraj,Male,j
Bhargyaraj,Male,j
Kesar,Female,r
Phanindra,Male,a
Dinanath,Male,h
Ekram,Male,m
Nandan,Male,n
Faaris,Male,s
Om,Male,m
Keerthi,Female,i
Jayendra,Male,a
Amritkala,Female,a
Trayi,Female,i
Vaijayi,Male,i
Bhavya,Female,a
Kaustubh,Male,h
Yaksha,Female,a
Chetan,Male,n
Eila,Female,a
Devaraj,Male,j
Danish,Male,h
Yuthika,Female,a
Karna,Male,a
Juily,Female,y
Naotau,Male,u
Mythilli,Female,i
Vardhaman,Male,n
Pinaki,Male,i
Shravani,Female,i
Ruchir,Male,r
Veni,Male,i
Pradeepta,Female,a
Ravishu,Male,u
Chandrakanta,Male,a
Padmagriha,Female,a
Ekaparana,Female,a
Aaloka,Female,a
Chandrabhan,Male,n
Shatrujit,Male,t
Sampat,Male,t
Mrigendra,Male,a
Varuni,Female,i
Ved,Male,d
Shrivatsa,Male,a
"Anup, Anoop",Male,p
Manjubala,Female,a
Panini,Male,i
Chaman,Male,n
Jharna,Female,a
Mekhal,Male,l
Komala,Female,a
Taksheel,Male,l
Hradha,Female,a
Ritkriti,Female,i
Kshirin,Female,n
Jagadish,Male,h
Suchita,Female,a
Yayin,Male,n
Sita,Female,a
Sukriti,Female,i
Yatindra,Male,a
Ambika,Female,a
Nitin,Male,n
Reva,Female,a
Sajala,Female,a
Gandira,Male,a
Kundini,Female,i
Abhimani,Male,i
Atiya,Male,a
Sindhu,Female,u
Pravallika,Female,a
Amarta,Female,a
Gautam,Male,m
Umashankar,Male,r
Gita,Female,a
Dakshata,Female,a
Tvarita,Female,a
Sudeshna,Female,a
Deeptanshu,Male,u
Sabeena,Female,a
Shyamalima,Female,a
Suchitra,Female,a
Jihan,Male,n
Shriranga,Male,a
Pratik,Male,k
Motilal,Male,l
Mahijuba,Female,a
Dilawar,Male,r
Maharath,Male,h
Kedarnath,Male,h
Madhavilata,Female,a
Buddhadeva,Male,a
Devadas,Male,s
Nihar,Male,r
Oditi,Female,i
Parakram,Male,m
Hansini,Female,i
Sanika,Female,a
Shikhar,Male,r
Smaran,Male,n
Devasree,Female,e
Jaitra,Male,a
Upasana,Female,a
Mehdi,Male,i
Pahal,Female,l
Rakesh,Male,h
Har,Male,r
Shreyash,Male,h
Tanmayi,Female,i
Giva,Female,a
Pavana,Female,a
Vachan,Male,n
Shefalika,Female,a
Medhya,Female,a
Jhinuk,Female,k
Nirmit,Male,t
Paramita,Female,a
Satyavan,Male,n
Juana,Female,a
Najma,Female,a
Mayur,Male,r
Parinita,Female,a
Anulekha,Female,a
Atma,Male,a
Suman,Male,n
Ilavarasan,Male,n
Punyabrata,Male,a
Abhrakasin,Male,n
Jashan,Male,n
Rajani,Female,i
Murugan,Male,n
Pathin,Male,n
Elampirai,Female,i
Vatsala,Female,a
Fravash,Male,h
Azzam,Male,m
Chanchal,Male,l
Tusharkanti,Male,i
Maalai,Female,i
Dheeman,Male,n
Shams,Male,s
Kandavel,Male,l
Arivalagan,Male,n
Kaushika,Female,a
Shivlal,Male,l
Som,Male,m
Dhyana,Male,a
Shashirekha,Female,a
Abhayananda,Male,a
Faria,Female,a
Trilok,Male,k
Nipa,Female,a
Shri,Female,i
Krupa,Female,a
Jagath,Male,h
Lingam,Male,m
Premendra,Male,a
Vinayak,Male,k
Kshanaprabha,Female,a
Manavi,Female,i
Adalarasu,Male,u
Bajrang,Male,g
Tejeshwar,Male,r
Amrita,Female,a
Malarvili,Female,i
Dalapathi,Male,i
Dalajit,Male,t
Baruna,Female,a
Shrigopal,Male,l
Rituparan,Male,n
Urmika,Female,a
Kiya,Female,a
Intekhab,Male,b
Chitramala,Female,a
Keya,Female,a
Kshaunish,Male,h
Kurangi,Female,i
Tathagata,Male,a
Razak,Male,k
Shakib,Male,b
Mayil,Female,l
Lakshin,Male,n
Avanija,Female,a
Anuj,Male,j
Palanivel,Male,l
Trariti,Female,i
Ashu,Male,u
Manth,Male,h
Shivangi,Female,i
Jyotsana,Female,a
Sitakanta,Male,a
Rhea,Female,a
Umapati,Male,i
"Sharad, Sarat",Male,t
Supriya,Female,a
Kunsh,Male,h
Rajendrakumar,Male,r
Jyran,Male,n
Tannishtha,Female,a
Subhash,Male,h
Eta,Female,a
Uditi,Female,i
"Apurva, Apoorva",Male,a
Vaijayanti,Female,i
Nikki,Female,i
Mubarak,Male,k
Rajahansa,Female,a
Rochi,Female,i
Abdul-Khaaliq,Male,q
Kvanh,Male,h
Anita,Female,a
Krittika,Female,a
Faisal,Male,l
Dakshi,Male,i
Manaar,Male,r
Shyama,Female,a
Vasudev,Male,v
Mitul,Male,l
"Umanant, Umakant",Male,t
Padman,Male,n
Kabir,Male,r
Jishnu,Male,u
Pyarelal,Male,l
Madhur,Female,r
Nikhil,Male,l
Sudipti,Female,i
Lakshmidhar,Male,r
Devamayi,Female,i
Pavani,Male,i
Pusti,Female,i
Tulasi,Female,i
Waahid,Male,d
Manik,Male,k
Nishant,Male,t
"Sukant, Sukanta",Male,a
Haima,Female,a
Gourangi,Female,i
Chaitan,Male,n
Kanchi,Female,i
Surya,Male,a
Swapan,Male,n
Thevan,Male,n
Sharan,Male,n
Harinaksh,Male,h
Gina,Female,a
Giinni,Female,i
Kevalkumar,Male,r
Mohin,Male,n
Neelotpal,Male,l
Likhitha,Female,a
Anshuman,Male,n
Shabana,Female,a
Nakti,Female,i
Shridula,Female,a
Atmaja,Male,a
Dattatreya,Male,a
Sual,Male,l
Anjuman,Male,n
Miraya,Female,a
Shameena,Female,a
Sonam,Female,m
Ramani,Female,i
Bishanpal,Male,l
Devaj,Male,j
Arivuchelvan,Male,n
Chandana,Female,a
Yajnarup,Male,p
Abhyudaya,Male,a
Vibhishan,Male,n
Champa,Female,a
Manditha,Female,a
Tuhin,Male,n
Gitanjali,Female,i
Prabhav,Male,v
Aamani,Female,i
Mohamad,Male,d
Tanuj,Male,j
Manjeet,Male,t
Swapna,Female,a
Champika,Female,a
Mita,Female,a
Pradyumna,Male,a
Saravanan,Male,n
Aadhaya,Female,a
Isai,Female,i
Amita,Female,a
Girilal,Male,l
Zuleika,Female,a
Madhumay,Male,y
Pujit,Male,t
Yugma,Male,a
Ullalagi,Female,i
Druthi,Female,i
Ballari,Female,i
Ayog,Male,g
Saquib,Male,b
Saras,Male,s
Krishnakali,Female,i
Laranya,Female,a
Nadir,Male,r
Aruni,Female,i
Chitresh,Male,h
Fadl,Male,l
"Valmiki, Valmik",Male,k
Meghana,Female,a
Lakshmishree,Female,e
Jaiwant,Male,t
Dharmveer,Male,r
Shanta,Female,a
Saruchi,Female,i
Triguna,Female,a
Yadav,Male,v
Sahila,Female,a
Hamid,Male,d
Aashita,Female,a
Gunayukth,Male,h
Shalini,Female,i
Wamil,Female,l
Sanam,Male,m
Agniprava,Male,a
Nrupadh,Male,h
"Alaka, Alka",Female,a
Chanchal,Female,l
Uthami,Female,i
Divyanga,Male,a
Anamitra,Male,a
Hemachandra,Male,a
Faraz,Male,z
Lona,Female,a
Hemendu,Male,u
Pushkar,Male,r
Deepta,Female,a
Wajeeha,Female,a
Dakshakanya,Female,a
Bhavika,Female,a
Dakshesh,Male,h
Vipasa,Female,a
Pritikana,Female,a
Vallabh,Male,h
Yudhisthir,Male,r
Kanishta,Male,a
Anisa,Male,a
Ambarish,Male,h
Tvisha,Female,a
Priyanka,Female,a
Taha,Male,a
Nidhi,Female,i
Jyothi,Female,i
Binata,Female,a
Sangupt,Male,t
Poojit,Male,t
Himmat,Male,t
Prajin,Male,n
Fulki,Female,i
Nirmal,Male,l
Paramananda,Male,a
Damayanti,Female,i
Muthu,Male,u
Daman,Male,n
Abdullah,Male,h
Adwiteya,Female,a
Ilango,Male,o
Toshan,Male,n
Vibha,Female,a
Adityanandana,Male,a
Japesh,Male,h
Avikshit,Male,t
Karan,Male,n
Bhooshit,Male,t
Tusya,Male,a
Shyla,Female,a
Prasham,Male,m
Haniya,Female,a
Kuhuk,Female,k
Ritsika,Female,a
Vidyut,Female,t
Hans,Male,s
Abhijaya,Male,a
Unmesh,Male,h
Aashika,Female,a
Premala,Female,a
Orman,Male,n
Amalesh,Male,h
Sunitha,Female,a
Chandak,Male,k
Kanta,Female,a
Iniya,Female,a
Narendra,Male,a
Bipin,Male,n
Nambi,Male,i
Talaketu,Male,u
Arpana,Female,a
Ryka,Female,a
Aloke,Male,e
Aslesha,Female,a
Ilancheliyan,Male,n
Nayantara,Female,a
Ruchita,Female,a
Turanyu,Male,u
Trishanku,Male,u
Jyotika,Female,a
Gandha,Female,a
Dakshayani,Female,i
Vari,Female,i
Parnad,Male,d
Ramith,Male,h
Manoj,Male,j
Nalin,Male,n
Natwar,Male,r
Suneeti,Female,i
Kutraalan,Male,n
Bharadwaj,Male,j
Kumuda,Female,a
Yukta,Male,a
Jatya,Male,a
Arjit,Male,t
Mahadev,Male,v
Daarun,Male,n
Anmol,Male,l
Kuntal,Female,l
Aja,Male,a
Harith,Male,h
Samyama,Female,a
Bhanumati,Female,i
Poonish,Male,h
Udar,Male,r
Anish,Male,h
Seerat,Female,t
Chandraprakash,Male,h
Rizvan,Male,n
Sasmita,Female,a
Poorbi,Female,i
Navalan,Male,n
Mukesh,Male,h
Abhishek,Male,k
Satya,Female,a
Kartar,Male,r
Chandravathi,Female,i
Qays,Male,s
Kamalika,Female,a
Pyas,Female,s
Madhulla,Female,a
Vir,Male,r
Tamonash,Male,h
Hiya,Female,a
Kundanika,Female,a
Advika,Female,a
Nishikanta,Male,a
Urjita,Male,a
Anandi,Female,i
Manajith,Male,h
Amalendu,Male,u
Tulsidas,Male,s
Nirmala,Female,a
Neelkamal,Female,l
Pankhadi,Female,i
Anarghya,Male,a
Amal,Male,l
Poorna,Male,a
Layak,Male,k
Satha,Female,a
Vikesh,Male,h
Kamana,Female,a
Purvi,Female,i
Vivek,Male,k
Mandakini,Female,i
Gagandeep,Male,p
Sammathi,Female,i
Sushruta,Male,a
Uttiya,Male,a
Bhagat,Male,t
Deeptiman,Male,n
Indrayani,Female,i
Suhail,Male,l
Dyumani,Male,i
Maitra,Female,a
Palak,Male,k
Sulekh,Female,h
Nirajit,Male,t
Maitreya,Female,a
Wasan,Male,n
Dharani,Female,i
Tusti,Female,i
Devamadana,Male,a
Ompati,Male,i
Pavan,Male,n
Bairavi,Female,i
Manohari,Female,i
Shrinivas,Male,s
Vishwesh,Male,h
Umanand,Male,d
Gulal,Female,l
Kanjari,Female,i
Nandita,Female,a
Huthayfa,Male,a
Azeez,Male,z
Lalasa,Female,a
Nitara,Female,a
Shiuli,Female,i
Manini,Female,i
Banhishikha,Female,a
Lola,Female,a
Soumyakanti,Male,i
Niranjana,Female,a
Subhagya,Female,a
Tejaswini,Female,i
Swapnali,Female,i
Divyana,Female,a
Karunamayi,Female,i
Samata,Female,a
Purnima,Female,a
Pankajadharini,Female,i
Nakshatra,Male,a
"Urmila, Urmil",Female,l
Sashreek,Male,k
Tabassum,Female,m
Nripesh,Male,h
Suvan,Male,n
Muwafaq,Male,q
Shriyans,Male,s
Gagan,Male,n
Bahuratna,Female,a
Mandan,Male,n
Dhanapriya,Female,a
Bharati,Female,i
Senmal,Male,l
Gudakesha,Male,a
Magan,Male,n
Sarvika,Female,a
Kasni,Female,i
Palaksi,Female,i
Vyom,Male,m
Sampatti,Female,i
Prabodh,Male,h
Wuar,Male,r
Gowri,Female,i
Tejashree,Female,e
Arindam,Male,m
Ramkrishna,Male,a
Jayita,Female,a
Saaras,Male,s
Girindra,Male,a
Satyarupa,Female,a
Sangita,Female,a
Suresh,Male,h
Kirik,Male,k
Sacchidananda,Male,a
Sarasija,Male,a
Jetashri,Female,i
Hiranya,Male,a
Alaknanda,Female,a
Draupadi,Female,i
Rasika,Female,a
Jashun,Male,n
Namana,Female,a
Shreya,Female,a
Haashim,Male,m
Kuvalai,Female,i
Ojeeta,Female,a
Subrata,Male,a
Kausar,Male,r
Kamali,Female,i
Baalaark,Male,k
"Simrit, Smrita",Female,a
Bandhini,Female,i
Pramod,Male,d
Amodini,Female,i
Kanyana,Female,a
Pushpak,Male,k
Zulfikar,Male,r
Amoha,Male,a
Dharmanand,Male,d
Ruhi,Female,i
Rupika,Female,a
Ekapad,Male,d
Nauhar,Male,r
Anathi,Female,i
Haatim,Male,m
Manasvi,Female,i
Karunakar,Male,r
Nikhita,Female,a
Prabuddha,Male,a
Zaina,Female,a
Ehimay,Male,y
Salaman,Male,n
Santayani,Female,i
Moti,Male,i
Mallesh,Male,h
Parasmani,Male,i
Thangam,Male,m
Padmashri,Female,i
Sanchaya,Female,a
Sadaf,Female,f
Yuyutsu,Male,u
Kuvira,Female,a
Aradhana,Female,a
Sahdev,Male,v
Haani,Male,i
Rupa,Female,a
Devadhipa,Male,a
Devan,Male,n
Bibhas,Male,s
Shalaka,Female,a
Manjistha,Female,a
Keerthana,Female,a
Vibhat,Male,t
Babitha,Female,a
Bankim,Male,m
Nalina,Female,a
Revati,Female,i
Trishala,Female,a
Akshar,Male,r
Vishala,Female,a
Prashanta,Male,a
Indrakanta,Male,a
Tanav,Male,v
Jagan,Male,n
Sakhi,Female,i
Ratnangi,Female,i
Akshita,Female,a
ThenMoli,Female,i
Safia,Female,a
Iyla,Female,a
Sultan,Male,n
Bhuvana,Female,a
Eshani,Female,i
Anshula,Female,a
Malina,Female,a
Swasti,Female,i
Gourishankar,Male,r
Jaipal,Male,l
Khajit,Male,t
Lochan,Female,n
Amani,Female,i
Sukumari,Female,i
Barun,Male,n
Nairit,Male,t
Anuprabha,Female,a
Dhanvant,Male,t
Aditya,Male,a
Gulika,Female,a
Hanan,Male,n
Tanvir,Male,r
Haaroon,Male,n
Triya,Female,a
Santosh,Male,h
Sambaran,Male,n
Pratitha,Female,a
Gayanthika,Female,a
Vilina,Female,a
Ashna,Female,a
Deepashikha,Female,a
Oorja,Female,a
Anuragini,Female,i
Markandeya,Male,a
Chaman,Female,n
Shefali,Female,i
Dharmaditya,Male,a
Smriti,Female,i
Puru,Male,u
Kusum,Female,m
Chaitaly,Female,y
Ilisha,Female,a
Ottakoothan,Male,n
Jeevika,Female,a
Eesha,Female,a
Gajanan,Male,n
Dhiraj,Male,j
Sanjivan,Male,n
Fadheela,Female,a
Hridaynath,Male,h
Janav,Male,v
Shashishekhar,Male,r
Udyan,Male,n
Sukthi,Female,i
Dwipavati,Female,i
Netra,Female,a
Trilochana,Female,a
Pranita,Female,a
Rohitasva,Male,a
Kamalkali,Female,i
Nirbhay,Male,y
Omeshwar,Male,r
Madan,Male,n
Shraddha,Female,a
Dwijesh,Male,h
Pyaremohan,Male,n
Nabendu,Male,u
Trambak,Male,k
Kundan,Female,n
Pujesh,Male,h
Vidyasagar,Male,r
Madhuksara,Female,a
Suvarnarekha,Female,a
Wali,Male,i
Vishnumaya,Female,a
Harshika,Female,a
Harshaman,Male,n
Keva,Female,a
Pukhraj,Male,j
Mangai,Female,i
Padmanabha,Male,a
Hasita,Female,a
Kiran,Female,n
Charumati,Female,i
Nirad,Male,d
Jakarious,Male,s
Lajjawati,Female,i
Antara,Female,a
Dayashankar,Male,r
Qudamah,Male,h
Sudeepa,Female,a
Rajendramohan,Male,n
Niket,Male,t
Kayalvili,Female,i
Gokul,Male,l
Suvimal,Male,l
Savitri,Female,i
Nithik,Male,k
Raji,Female,i
"Bhavana, Bhavna",Female,a
Basavaraj,Male,j
Sulalita,Female,a
Minati,Female,i
Kavi,Male,i
Shashimohan,Male,n
Madhumita,Female,a
Prachur,Male,r
Bahuleya,Male,a
Chandalini,Female,i
Dharmachandra,Male,a
Induleksh,Female,h
Harishchandra,Male,a
Kamran,Male,n
Umaprasad,Male,d
Nayan,Male,n
Ojas,Male,s
Ragini,Female,i
Irfan,Male,n
Taruntapan,Male,n
Dharmendra,Male,a
Mehal,Female,l
Vikram,Male,m
Talikha,Female,a
Komal,Female,l
Kshirja,Female,a
Rudra,Male,a
Qutub,Male,b
Kuldeep,Male,p
Koormadhi,Male,i
Shakuntala,Female,a
Devalekha,Female,a
Saurabh,Male,h
Vedprakash,Male,h
Ishit,Male,t
Mutholi,Female,i
Dharanidhar,Male,r
Vela,Female,a
Ekambar,Male,r
Kavita,Female,a
Rajyeshwar,Male,r
Sevak,Male,k
Kundanlal,Male,l
Darshana,Female,a
Sengannan,Male,n
Alabhya,Male,a
Raghuram,Male,m
Suranjana,Female,a
Vidyadhar,Male,r
Chandrakishore,Male,e
Sumantra,Male,a
Arshia,Female,a
Dhanya,Female,a
Jagad,Male,d
Dyuti,Female,i
Farid,Male,d
Bhadranidhi,Male,i
Chaanakya,Male,a
Ishika,Female,a
Vibhore,Male,e
Rolee,Female,e
Ulhas,Male,s
Asavari,Female,i
Palashranjan,Male,n
"Durva, Durba",Female,a
Bhaumik,Male,k
Menaka,Female,a
Egaiarasu,Male,u
Lokajit,Male,t
Glen,Male,n
SivaSankari,Female,i
Mukul,Male,l
Dyutit,Male,t
Navneeta,Female,a
Snehanshn,Male,n
"Amitabha, Amitav",Male,v
Thangavel,Male,l
Gajendra,Male,a
Krishnala,Male,a
Vidyadhara,Male,a
Prithu,Male,u
Sragvibhushan,Male,n
Madhuja,Female,a
Samanvaya,Male,a
Baruni,Female,i
Aamrapali,Female,i
Nanda,Female,a
Gandharika,Female,a
Chitral,Male,l
Tilak,Male,k
Hakesh,Male,h
Manmohan,Male,n
Saheli,Female,i
Vinutha,Female,a
Bhagyanandana,Male,a
Roshan,Male,n
Keshika,Female,a
Sawini,Female,i
Ranvitha,Female,a
Aijaz,Male,z
Vama,Female,a
Indumati,Female,i
Rusham,Female,m
Mahavir,Male,r
Hariram,Male,m
Vishaya,Female,a
Aabha,Female,a
Anshumat,Male,t
Jaisukh,Male,h
Shekhar,Female,r
Ramita,Female,a
Hema,Female,a
Anamika,Female,a
Devadatta,Male,a
Chittesh,Male,h
Stavita,Female,a
Sameena,Female,a
Sachin,Male,n
Jagannath,Male,h
Annapurna,Female,a
Indratha,Female,a
Adit,Male,t
Chiranjeev,Male,v
Badri,Male,i
Saral,Male,l
Dheivamani,Male,i
Hridayanand,Male,d
"Vijendra, Vijanyendra",Male,a
Girija,Female,a
Krishanu,Male,u
Adrisa,Female,a
Deepit,Male,t
Poshika,Female,a
Ahladitha,Female,a
Jigya,Female,a
Chitragupta,Male,a
Padmakali,Female,i
Ketki,Female,i
Ishwari,Female,i
Shaktidhar,Male,r
Janak,Male,k
Praveena,Female,a
Krishnadeva,Male,a
Sarat,Male,t
Yuvaraani,Female,i
Lukesh,Male,h
Jeevankala,Female,a
Naima,Female,a
Samarendu,Male,u
Agendra,Male,a
Jagesh,Male,h
Dhikshit,Male,t
Naadir,Male,r
Suvarnmala,Female,a
Kunjal,Female,l
Taj,Male,j
Deeptimoyee,Female,e
Harkrishna,Male,a
Grahish,Male,h
Sadaiappan,Male,n
Navita,Female,a
Matangi,Female,i
Sameen,Male,n
"Aseem, Ashim",Male,m
Ishya,Female,a
Khyath,Female,h
Vishnu,Male,u
Anjalika,Female,a
Yashodhara,Male,a
Lata,Female,a
Neha,Female,a
Rasik,Male,k
Gurmeet,Male,t
Kalipada,Male,a
Venu,Male,u
Dhatri,Female,i
Nabhanyu,Male,u
Abhimanyusuta,Male,a
Naamagal,Female,l
Megha,Female,a
Talleen,Male,n
Pallavini,Female,i
Omar,Male,r
Vidhi,Female,i
Rochan,Male,n
Arshad,Male,d
Samarth,Male,h
Atmaja,Female,a
Aesha,Female,a
Mithun,Male,n
Ekavali,Female,i
Brijmohan,Male,n
Deepa,Female,a
Mannith,Male,h
Deepti,Female,i
Aapti,Female,i
Kusumakar,Male,r
Vengai,Male,i
Lipika,Female,a
Hashmat,Male,t
Yash,Male,h
Naishada,Female,a
Oni,Male,i
Meru,Male,u
Ilamparidhi,Male,i
Japendra,Male,a
Lakshmibanta,Male,a
Vinay,Male,y
Jalad,Male,d
Upamanyu,Male,u
Bansari,Female,i
Gira,Female,a
Rani,Female,i
Gandhi,Male,i
Viral,Male,l
Rabia,Female,a
Swarupa,Female,a
Udipti,Female,i
Raveena,Female,a
Devendra,Male,a
Vilok,Male,k
Ila,Female,a
Chandratara,Female,a
Mahanidhi,Male,i
Nischith,Male,h
Kalicharan,Male,n
Tarachand,Male,d
Chandanika,Female,a
Khazana,Male,a
Kathith,Male,h
Ilaiyavan,Male,n
Avkash,Male,h
Katran,Male,n
Nishita,Male,a
Khadim,Male,m
Nabha,Female,a
Anay,Male,y
Ratnavali,Female,i
Adi-Shakti,Female,i
Srujana,Female,a
Pushpita,Female,a
Raghu,Male,u
Niral,Female,l
Kirtana,Female,a
Samrithi,Female,i
Yashwant,Male,t
Gadin,Male,n
Surama,Female,a
Mahmud,Male,d
Nami,Female,i
Saunak,Male,k
Rahas,Male,s
Pranit,Male,t
Acaryatanaya,Male,a
Aamaal,Female,l
Nityananda,Male,a
Baridbaran,Male,n
Yuktha,Female,a
Waheeda,Female,a
Rutva,Male,a
Bindumathi,Female,i
Vritti,Female,i
Chandrachur,Male,r
Acarya,Male,a
Angarika,Female,a
Snehin,Male,n
Bratindra,Male,a
Ayushman,Male,n
Imtiaz,Male,z
Sanchita,Female,a
Aahna,Female,a
Yajna,Female,a
Chinnadurai,Male,i
Neelmani,Male,i
Hemendra,Male,a
Salma,Female,a
Mrudani,Female,i
Chandrabali,Female,i
Raheem,Male,m
Avanindra,Male,a
Pashupriya,Female,a
Chitrabhanu,Male,u
Neelakshi,Female,i
Gurdeep,Male,p
Sadhana,Female,a
Yogita,Female,a
Meena,Female,a
Bhargavi,Female,i
Darpan,Male,n
Bhagwanti,Female,i
Manavendra,Male,a
Adwita,Female,a
Subhan,Male,n
Zahra,Female,a
Sucheta,Female,a
Videsh,Male,h
Gangesh,Male,h
Deepika,Female,a
Mehul,Male,l
Devnath,Male,h
Mukul,Female,l
Aashay,Male,y
Koyel,Female,l
Anil,Male,l
Kashyap,Male,p
Harsha Vardhini,Female,i
Tarik,Male,k
Megha,Male,a
Sachit,Male,t
Bhadrang,Male,g
Ashok,Male,k
Tilaka,Female,a
Somansh,Male,h
Ritvik,Male,k
Divyendu,Male,u
Chaaruhaas,Male,s
Huda,Male,a
Cholan,Male,n
Ninad,Male,d
Brahamjeet,Male,t
Chakor,Male,r
Mrinmayi,Female,i
Shachin,Male,n
Banani,Female,i
Naviya,Female,a
Zaafira,Female,a
Madhav,Male,v
Dwijaraj,Male,j
Vagdevi,Female,i
Sabita,Female,a
Ishi,Female,i
Ilamporai,Male,i
Ayushi,Female,i
Sundari,Female,i
Manjyot,Female,t
Lakhi,Female,i
Phenil,Male,l
Prachi,Female,i
Mohul,Male,l
Poornakamala,Female,a
Sukhamay,Male,y
Arokya,Male,a
Siddharth,Male,h
Chiti,Female,i
Hrithik,Male,k
Sundha,Female,a
Pinakini,Female,i
Shevantilal,Male,l
Fanishwar,Male,r
Oma,Male,a
Oparna,Female,a
Ilakkiya,Female,a
Kaunteya,Male,a
Shankha,Male,a
Gopa,Female,a
Kavan,Male,n
Vilas,Male,s
Rajanya,Male,a
Zakiy,Male,y
Kaaliya,Male,a
Garima,Female,a
Tapasendra,Male,a
Shambhavi,Female,i
Milind,Male,d
Sadiqua,Female,a
Mandith,Male,h
Devamati,Female,i
Harjeet,Male,t
Pavitra,Male,a
Utkarsha,Male,a
Ghalib,Male,b
Inayat,Female,t
Namita,Female,a
Manonith,Male,h
Abhiraj,Male,j
Hariganga,Female,a
Manjira,Female,a
Mudrika,Female,a
Parashar,Male,r
Arav,Male,v
Harshitha,Female,a
Nalini,Female,i
Odathi,Female,i
Soumya,Female,a
Sunayana,Female,a
Jagadishwara,Male,a
Rishika,Female,a
Geena,Female,a
Esha,Female,a
Quamar,Male,r
Apsara,Female,a
Sarada,Female,a
Chaitali,Female,i
Rasul,Male,l
Bahumanya,Male,a
Haresh,Male,h
Kiranmay,Male,y
Sevati,Female,i
Jehannaz,Female,z
Achintya,Male,a
Vrajakishore,Male,e
Manjulika,Female,a
Harikanth,Male,h
Narayani,Female,i
Parantapa,Male,a
Purva,Female,a
Brahmabrata,Male,a
Shailendra,Male,a
Suhrita,Female,a
Shilpa,Female,a
Manjushri,Female,i
Ashis,Female,s
Keshav,Male,v
Renuka,Female,a
Shama,Female,a
Shariq,Male,q
Padmakshi,Female,i
Abdul-Haseeb,Male,b
Ramanuja,Male,a
Mandeep,Male,p
Mohini,Female,i
Indumukhi,Female,i
Urmi,Female,i
Faatina,Female,a
Snehalata,Female,a
Haritbaran,Male,n
Sheetal,Male,l
Kanishka,Male,a
Wamika,Female,a
Pransukh,Male,h
Chaaruchandra,Male,a
Priyasha,Female,a
Vrajamohan,Male,n
Pranauthi,Female,i
Meghnad,Male,d
Izhar,Male,r
Nabhas,Male,s
Mohajit,Male,t
Sarasi,Female,i
Ashwini,Female,i
Umika,Female,a
Dhanajit,Male,t
Sudhanshu,Male,u
Sourish,Male,h
Sukumar,Male,r
Vihaan,Male,n
Radhana,Female,a
"Simran, Smaram",Female,m
Hansa,Female,a
Utpala,Female,a
Kiran,Male,n
Naathim,Male,m
Abhinava,Male,a
Shagufta,Female,a
Dhanraj,Male,j
Jaafar,Male,r
Vatsa,Male,a
Yamajith,Male,h
Manaal,Male,l
Prabhada,Female,a
Paavai,Female,i
Lokranjan,Male,n
Vaidyanaath,Male,h
Chhabi,Female,i
Nitima,Female,a
Fahad,Male,d
Adityavardhana,Male,a
Manvik,Male,k
Punyasloka,Male,a
Chitrani,Female,i
Meghdutt,Male,t
Paramhansa,Male,a
Bitasok,Male,k
Snigdha,Female,a
Puja,Female,a
Bandhul,Male,l
Neeti,Female,i
Niraj,Male,j
Chemmal,Male,l
Punarnava,Female,a
Naina,Female,a
Bikram,Male,m
Anugya,Male,a
Dhritiman,Male,n
Takshak,Male,k
Balachandrav,Male,v
Triparna,Female,a
Tanaya,Female,a
Nishi,Female,i
Kanchana,Female,a
Baijayanthi,Female,i
Devajyoti,Male,i
Narahari,Male,i
Udiramalara,Female,a
Jinendra,Male,a
Rohana,Female,a
Debanshi,Female,i
Shubhashis,Male,s
Suhitha,Female,a
Hasumati,Female,i
Champakmala,Female,a
Tejomay,Male,y
Sudhi,Male,i
Manish,Male,h
Maina,Female,a
Madanapal,Male,l
Vanhi,Female,i
Achala,Female,a
Vibhu,Male,u
Cyril,Male,l
Indrasuta,Male,a
Pramiti,Female,i
Manikuntala,Female,a
Nabhomani,Male,i
Nakshatra,Female,a
Rajata,Female,a
Mallikarjuna,Male,a
Pritilata,Female,a
Sagari,Female,i
Navadurga,Female,a
Wajid,Male,d
Muthunagai,Female,i
Pravar,Male,r
Abhyagni,Male,i
Rukma,Female,a
Kapalini,Female,i
Ishrat,Male,t
Vipula,Female,a
Vipul,Male,l
Rajnish,Male,h
Tehzeeb,Female,b
Subhashini,Female,i
Mustafa,Male,a
Pallav,Male,v
Swarnalata,Female,a
Sujay,Male,y
Vibhuti,Female,i
Ekadhana,Female,a
Someshwar,Male,r
Devang,Male,g
Hammad,Male,d
Shivshankar,Male,r
Pravir,Male,r
Panduranga,Male,a
Gulzarilal,Male,l
Chandrakirthi,Male,i
Bhavini,Female,i
Triguni,Female,i
Deeptendu,Male,u
Martanda,Male,a
Ranhitha,Female,a
Anjum,Male,m
Satyaprakash,Male,h
Hurditya,Male,a
Purvaja,Female,a
Tula,Male,a
Jayitri,Female,i
Natkuna,Female,a
Nagaraj,Male,j
Madhumalati,Female,i
Jayaprakash,Male,h
Manali,Female,i
Ulka,Female,a
Tautik,Male,k
Yajat,Male,t
Pankti,Female,i
Sannidhi,Female,i
Devesh,Male,h
Teesta,Female,a
"Manisha, Mohisha",Female,a
Adwaya,Male,a
Hemangi,Female,i
Damini,Female,i
Abhinanda,Male,a
Archit,Male,t
Jagjeevan,Male,n
Shrestha,Female,a
Kaveri,Female,i
Acanda,Male,a
Chetana,Female,a
Subash,Male,h
Sur,Male,r
Nabhoj,Male,j
Vineeta,Female,a
Purandar,Male,r
Nilima,Female,a
Lalan,Female,n
Nripa,Male,a
Vaanadhi,Female,i
Yuvati,Female,i
Madhuk,Male,k
Neeta,Female,a
Kuval,Male,l
Trigun,Male,n
Danuj,Male,j
Panchali,Female,i
Sudhith,Male,h
Narayan,Male,n
Naganika,Female,a
Poonam,Female,m
Shuddhashil,Male,l
Pulin,Male,n
Parvatinandan,Male,n
Dev,Male,v
Sharadini,Female,i
Vishalakshi,Female,i
Sandhya,Female,a
Yadukumara,Male,a
Maruti,Male,i
Chirayu,Male,u
Madhurima,Female,a
Sharadindu,Male,u
Shuchismita,Female,a
Aishani,Female,i
Adishree,Female,e
Gangika,Female,a
Malarvendan,Male,n
Swatantar,Male,r
Diti,Female,i
Zaafir,Male,r
Dayita,Female,a
Kalandhika,Female,a
Ratnalekha,Female,a
Thayanban,Male,n
Vibhas,Male,s
Siddhima,Female,a
Naman,Male,n
Rupeshwari,Female,i
Yaalini,Female,i
Haleema,Female,a
Phiroza,Female,a
Gurpraveen,Female,n
Fakhry,Male,y
Chandrakiran,Male,n
Vishram,Male,m
Laalamani,Female,i
Ramkishore,Male,e
Paresh,Male,h
Shrikanta,Male,a
Mrigankasekhar,Male,r
Yaduvir,Male,r
Harshad,Male,d
Gayatri,Female,i
Megh,Male,h
Amlankusum,Male,m
Iri,Male,i
Vanshika,Female,a
Japan,Male,n
Zannat,Female,t
Yaalisai,Female,i
Gayana,Female,a
Marut,Male,t
Kantilal,Male,l
Faiyaz,Male,z
Omkarnath,Male,h
Vanalakshmi,Female,i
Milika,Female,a
Ranajay,Male,y
Yogesh,Male,h
Hasmukh,Male,h
Mujeeb,Male,b
Jyotsna,Female,a
Srujanika,Female,a
Ishani,Female,i
Ellu,Male,u
Madira,Female,a
Pooja,Female,a
Shantashil,Male,l
Saipraasad,Male,d
Radhika,Female,a
Srivas,Male,s
Nathan,Male,n
Srinika,Female,a
Shahid,Male,d
Avatar,Male,r
Harihar,Male,r
Abhidha,Female,a
Manjunath,Male,h
Nivritti,Female,i
Ekachith,Male,h
Idaspati,Male,i
Vrishin,Male,n
Gangol,Male,l
Rajendra,Male,a
Maagh,Male,h
Anula,Female,a
Bhojaraja,Male,a
Drupad,Male,d
"Aftab,Aftaab",Male,b
Raman,Male,n
"Amrit, Amrik",Male,k
Hritish,Male,h
Kusumesh,Male,h
Menmoli,Female,i
Sphatika,Female,a
Rijul,Male,l
Shalmali,Female,i
Nathin,Male,n
Pugal,Male,l
Saakaar,Male,r
Utalika,Female,a
Swati,Female,i
Muni,Male,i
Drishya,Female,a
Sitikantha,Male,a
Parveen,Female,n
Vedavathi,Female,i
Raghunandan,Male,n
Shravankumar,Male,r
Marichi,Female,i
Vikramajit,Male,t
Satyavrata,Male,a
Iha,Female,a
Rohan,Male,n
Krishnaroop,Male,p
Ajamil,Male,l
Vanhishikha,Female,a
Amanath,Male,h
Omaja,Female,a
Prasun,Male,n
Gul,Female,l
Samarendra,Male,a
Ghanendra,Male,a
Abhijna,Female,a
Venkataraman,Male,n
Xena,Female,a
Yuvaraj,Male,j
Bipasha,Female,a
Timir,Male,r
Gurumurthi,Male,i
Suhag,Female,g
Kshitija,Female,a
Krishna,Female,a
Nagesh,Male,h
Vedmohan,Male,n
Tanuka,Female,a
Thumri,Female,i
Tripta,Female,a
Lingan,Male,n
Prbhavati,Female,i
Lajita,Female,a
Rubaina,Female,a
Aashish,Male,h
Pavitra,Female,a
Sudarshana,Female,a
Shyamangi,Female,i
Deepana,Female,a
Kaishori,Female,i
Aashirya,Female,a
Gulzar,Male,r
Prakriti,Male,i
Sujan,Male,n
Pavanaj,Male,j
Parni,Female,i
Saguna,Female,a
Hanuman,Male,n
Jamadagni,Male,i
Mithilesh,Male,h
Abhilasa,Female,a
Akash,Male,h
Udayachal,Male,l
Kalakarni,Female,i
Surendra,Male,a
Palani,Male,i
Ibhya,Male,a
Sanchay,Male,y
Acaryasuta,Male,a
Rathika,Female,a
Mirium,Female,m
Kamakya,Female,a
Prabhu,Male,u
Lavangi,Female,i
Thogai,Female,i
Dhyanesh,Male,h
Madhula,Female,a
Mahipal,Male,l
Mamraj,Male,j
Chahat,Female,t
Kodhai,Female,i
Gyanada,Female,a
Nabhi,Male,i
Govindi,Female,i
Amogh,Male,h
Chandrika,Female,a
Vijayalaksmi,Female,i
Shashidhar,Male,r
"Ashwin, Asvin",Male,n
Zeeshan,Male,n
Mahaniya,Male,a
Yuvika,Female,a
Deveshwar,Male,r
Subinay,Male,y
Niramay,Male,y
Samhita,Female,a
Devachandra,Male,a
Mohit,Male,t
Sudesh,Male,h
Dhansukh,Male,h
Onella,Female,a
Rajdulari,Male,i
Urshita,Female,a
Vishal,Male,l
Ekavir,Male,r
Hasanthi,Female,i
Thangarajan,Male,n
Suketu,Male,u
Jerusha,Female,a
Usra,Female,a
Lagan,Male,n
Abhimand,Male,d
Anavi,Female,i
Milan,Male,n
Saanvi,Female,i
Kamaraja,Male,a
Pitambar,Male,r
Mahalakshmi,Female,i
Vallabhendra,Male,a
Nirav,Male,v
"Omrao, Umrao",Male,o
Jagadbandu,Male,u
Urna,Female,a
Mandhatri,Male,i
Amitbikram,Male,m
Nidhipa,Female,a
Raja,Male,a
Rukmini,Female,i
Fullara,Female,a
Akshath,Male,h
Shadab,Male,b
Gurpreet,Male,t
Swarnima,Female,a
Indu,Female,u
Rituparna,Female,a
Siddhartha,Male,a
Chakradev,Male,v
Induhasan,Male,n
Gopichand,Male,d
Ujagar,Male,r
Nishok,Male,k
Aakash,Male,h
Kevalkishore,Male,e
Amod,Male,d
Hasina,Female,a
Viveka,Female,a
Bhagyalakshmi,Female,i
Kareem,Male,m
Dwaipayan,Male,n
Gagana,Female,a
Loknath,Male,h
Paras,Male,s
Abhidi,Male,i
Vasanti,Female,i
Kantimoy,Male,y
Vedi,Female,i
Shobha,Female,a
Charusheela,Female,a
Suprabha,Female,a
Dishita,Female,a
Laasya,Female,a
Uttal,Male,l
Charulata,Female,a
Paadini,Female,i
Suloch,Female,h
Arulchelvan,Male,n
Hansika,Female,a
Sushil,Male,l
Dhanesh,Male,h
Mayanka,Male,a
Manasyu,Male,u
Archa,Female,a
Trivid,Male,d
Nisita,Female,a
Abhivira,Male,a
Akroor,Male,r
Ekakshara,Male,a
Valli,Female,i
Omala,Female,a
Husna,Female,a
Jaibhusana,Male,a
Yashpal,Male,l
Sandeep,Male,p
Deeba,Female,a
Kamika,Female,a
Maitreya,Male,a
Champabati,Female,i
Shariba,Female,a
Kerani,Female,i
Kakoli,Female,i
Lakshita,Female,a
Cole,Male,e
Olikodi,Female,i
Radhak,Male,k
Dulari,Female,i
Subal,Male,l
Uddhar,Male,r
Vaagai,Female,i
Upendra,Male,a
Dilshad,Female,d
Raghuvir,Male,r
Ardhendu,Male,u
Binal,Female,l
Gaganjyot,Male,t
Mallika,Female,a
Trinayani,Female,i
Sharmila,Female,a
Padmapati,Male,i
Ganaka,Male,a
Bhairavi,Female,i
Samiran,Male,n
Sikta,Female,a
Chirtrang,Male,g
Dhananjay,Male,y
Rupashri,Female,i
Ishayu,Male,u
Sushila,Female,a
Chamanlal,Male,l
Mahir,Male,r
Bakul,Female,l
Somdev,Male,v
Uddhav,Male,v
Indukala,Female,a
Indratan,Male,n
Swagata,Female,a
Qaisar,Male,r
Indrani,Female,i
Dharmpal,Male,l
Fareed,Male,d
Bhakti,Female,i
Tanushri,Female,i
Nagina,Female,a
Ish,Male,h
Senthamarai,Male,i
Samantha,Male,a
Omisha,Female,a
VeeraSundari,Female,i
Sanjana,Female,a
Guruprasad,Male,d
Rajivini,Female,i
Rajasi,Female,i
Eshwar,Male,r
Gathika,Female,a
Yadva,Female,a
Suryabhan,Male,n
Gajrup,Male,p
Peeyush,Male,h
Inika,Female,a
"Bela, Beli",Female,i
Praver,Male,r
Chaitra,Female,a
Nishtha,Female,a
Devarya,Male,a
Prasad,Male,d
Chidananda,Male,a
Salena,Female,a
Sujash,Male,h
Manjusha,Female,a
Chandrabhaga,Female,a
Mainak,Male,k
Salarjung,Male,g
Arivoli,Male,i
Geeti,Female,i
Shobhana,Female,a
Hiranmayi,Female,i
djbdjb,Male,b
dnbndd,Female,d