had,a,fantastic,experience,at,DataPlay.,The,institute,offers,excellent,training,in,data,"analysis,",covering,"statistics,",Excel,"operations,",and,Power,BI,tools.,The,knowledgeable,instructors,and,comprehensive,materials,make,it,a,top,choice,for,aspiring,data,scientists.,Highly,recommended,for,quality,education,and,hands-on,learning!,,,,,,,,,,,,,,,,,,,,,,,,,,,,,,,,
to,me,it's,a,very,good,place,for,learning,with,a,good,hearted,teachers,"too.
Most",of,institutes,are,not,put,efforts,towards,the,students,who,are,average,but,in,DataPlay,they,put,efforts,for,every,single,student,and,their,teaching,style,is,so,nice,because,I'm,new,in,that,course,I,didn't,wonder,why,I,softly,understand,every,single,thing,they,thought,me,and,it,is,possible,just,because,of,their,student,friendly,teaching.,,,
sir,and,Mahima,ma'am,have,outstanding,sessions,that,help,you,gain,clarity,and,improve,your,skills.,,,,,,,,,,,,,,,,,,,,,,,,,,,,,,,,,,,,,,,,,,,,,,,,,,,,,,,,,,,,,
it,has,been,a,great,"experience,",the,mentors,are,really,helpful,and,does,a,very,well,job,in,making,the,classes,engaging,and,interactive.,,,,,,,,,,,,,,,,,,,,,,,,,,,,,,,,,,,,,,,,,,,,,,,,,,,,,
days,"agoNew
My",overall,experience,was,great.,Mentors,were,incredibly,"supportive,",effectively,explaining,tools,and,concepts,through,real-life,scenarios.I,gained,valuable,hands-on,experience,with,Power,BI,and,"Excel,",engaged,in,discussions,about,interview,questions,and,significantly,improved,my,knowledge,throughout,the,course.,,,,,,,,,,,,,,,,,,,,,,,,,,,,,,,,,,,,
explanations,start,from,the,very,basics,so,the,content,is,easy,to,understand,while,the,assignments,provide,a,route,for,application,of,concepts.,,,,,,,,,,,,,,,,,,,,,,,,,,,,,,,,,,,,,,,,,,,,,,,,,,,,,,
is,an,excellent,learning,place,for,aspiring,Data,Scientist,&,Data,Analyst.,I,am,currently,enrolled,in,Data,Science,training,program.The,mentors,are,truly,good,hearted,and,experienced,professionals,who,provide,valuable,guidance.,They,helps,every,student,on,a,small,problem.The,hands-on,learning,approach,and,supportive,environment,make,it,a,top,choice,for,those,entering,the,field,of,Data,Science,&,Data,Analyst.,My,overall,experience,is,great.,,,,,,,,,
currently,learning,Data,Analysis,from,here,and,its,going,"well,",started,from,the,basics,at,a,very,good,pace.,Sessions,are,very,interactive.,Good,place,to,start.,,,,,,,,,,,,,,,,,,,,,,,,,,,,,,,,,,,,,,,,,,,,,,,,,,
recommended,Nishant,sir,and,Mahima,ma'am,‚Äì,highly,motivating,and,"insightful!

Working",with,a,Nishant,sir,and,Mahima,ma'am,has,been,incredible.,The,guidance,and,support,have,helped,me,improvise,myself,and,achieve,personal,&,professional,goals.,Each,session,was,"amazing,","insightful,",and,"empowering.
Nishant",sir,and,Mahima,ma'am,have,outstanding,sessions,that,help,you,gain,clarity,and,improve,your,skills.,The,personalized,sessions,and,constructive,feedback,improve,you,at,every,step.,,,,,,,
to,join,with,Dataplay,",",nice,experience.,,,,,,,,,,,,,,,,,,,,,,,,,,,,,,,,,,,,,,,,,,,,,,,,,,,,,,,,,,,,,,,,,,,,,,
For,"Beginners,",Easy,To,"Understand,",Nice,"Experience,",Great,Features,,,,,,,,,,,,,,,,,,,,,,,,,,,,,,,,,,,,,,,,,,,,,,,,,,,,,,,,,,,,,,,,,,,,
is,very,good,experience,because,easy,to,explain,,,,,,,,,,,,,,,,,,,,,,,,,,,,,,,,,,,,,,,,,,,,,,,,,,,,,,,,,,,,,,,,,,,,,
currently,enrolled,in,the,data,analysis,and,data,science,training,program,at,"DataPlay,",and,I,couldn‚Äôt,be,more,thrilled,with,my,experience.,The,mentors,are,truly,"exceptional,",consistently,going,above,and,beyond,to,ensure,every,student,thoroughly,understands,each,concept.,,,,,,,,,,,,,,,,,,,,,,,,,,,,,,,,,,,,,
experience,is,really,good,and,both,sir,and,mam,are,very,helpful,and,gained,so,much,valuable,experience,here,.,,,,,,,,,,,,,,,,,,,,,,,,,,,,,,,,,,,,,,,,,,,,,,,,,,,,,,,,,
mentors,at,DataPlay,are,exceptionally,productive,and,focused,on,multidimensional,learning.,They,ensure,we,stay,updated,with,the,latest,industry,trends,and,developments.,Their,commitment,to,understanding,each,student‚Äôs,strengths,and,weaknesses,is,remarkable.,They,tailor,their,teaching,methods,to,cultivate,a,deeper,understanding,of,"concepts,",helping,us,to,grasp,complex,topics,thoroughly,and,confidently,,,,,,,,,,,,,,,,,,,,,,
the,data,analytics,training,was,a,transformative,experience!,The,instructors,were,incredibly,knowledgeable,and,"engaging,",making,complex,concepts,easy,to,understand.,The,hands-on,exercises,and,real-world,case,studies,provided,invaluable,practical,skills.,"Plus,",the,supportive,learning,environment,fostered,collaboration,and,growth.,Highly,recommend,this,training,to,anyone,looking,to,excel,in,the,field,of,data,analytics!,,,,,,,,,,,,,,,,,,,,,
am,deeply,grateful,for,the,exceptional,utility,of,"DataPlay,",which,provides,a,remarkably,user-friendly,and,efficient,platform,for,my,analytical,tasks.,"Moreover,",the,teaching,atmosphere,is,characterized,by,a,friendly,"environment,",making,the,learning,experience,truly,enjoyable.,,,,,,,,,,,,,,,,,,,,,,,,,,,,,,,,,,,,,,,,
is,a,gem,in,the,data,science,"world,",for,sure.,Their,personalized,approach,and,real-world,insights,make,learning,feel,natural,and,engaging.,The,Daily,Practice,Problems,are,a,game-changer,for,deepening,understanding.,Whether,you're,a,beginner,or,a,"pro,",they,are,the,real,deal,for,leveling,up,your,skills.,Highly,recommend!,,,,,,,,,,,,,,,,,,,,,,,,,,
offers,top-notch,education,with,effective,teaching,"methods,",practical,"exercises,",and,real-world,"examples,",enabling,students,to,gain,confidence,and,excel,in,data,science,and,analysis.,,,,,,,,,,,,,,,,,,,,,,,,,,,,,,,,,,,,,,,,,,,,,,,,,,,,,
is,a,great,initiative,by,Nishant,and,Mahima,to,teach,a,folks,and,they,have,outstanding,teaching,skills,,,,,,,,,,,,,,,,,,,,,,,,,,,,,,,,,,,,,,,,,,,,,,,,,,,,,,,,,,,
offline,leactures,are,very,good,for,understanding,and,we,can,ask,the,doubts..,Meantors,are,very,helpfulüëçüèª,,,,,,,,,,,,,,,,,,,,,,,,,,,,,,,,,,,,,,,,,,,,,,,,,,,,,,,,,,,,
experience,while,learning,here,and,mentor,are,helpful,and,good....,,,,,,,,,,,,,,,,,,,,,,,,,,,,,,,,,,,,,,,,,,,,,,,,,,,,,,,,,,,,,,,,,,,
provided,an,immersive,learning,experience,with,a,well-structured,curriculum.,Their,teachers,as,very,good,and,supportive.,,,,,,,,,,,,,,,,,,,,,,,,,,,,,,,,,,,,,,,,,,,,,,,,,,,,,,,,,,,,,
wish,to,extend,sincere,gratitude,for,the,exceptional,utility,of,DataPlay,.,I,find,its,functionality,remarkably,user-friendly,and,efficient,for,my,analytical,tasks,,,,,,,,,,,,,,,,,,,,,,,,,,,,,,,,,,,,,,,,,,,,,,,,,,,,,
Institutions,is,not,just,a,place,of,learning;,it's,an,immersive,journey,into,the,realm,of,data,science.,As,you,step,into,the,"institution,",you're,greeted,by,a,bustling,atmosphere,charged,with,intellectual,curiosity,and,innovation.,From,the,fundamentals,of,statistics,and,probability,to,advanced,machine,learning,"algorithms,",every,aspect,of,the,field,is,covered,with,precision,and,clarity.,The,"instructors,",experts,in,their,respective,"domains,",guide,you,through,this,maze,of,knowledge,with,patience,and,enthusiasm.
place,to,learn,coding,and,enhance,your,data,science,with,great,mentorship,and,guidance.,,,,,,,,,,,,,,,,,,,,,,,,,,,,,,,,,,,,,,,,,,,,,,,,,,,,,,,,,,,,,,,
Play,is,an,excellent,teaching,institute,for,aspiring,data,analysts.,Their,mentors,are,experienced,professionals,who,provide,valuable,"guidance,",and,the,study,material,is,comprehensive.,The,hands-on,learning,approach,and,supportive,environment,make,it,a,top,choice,for,those,entering,the,field,of,data,analysis.,,,,,,,,,,,,,,,,,,,,,,,,,,,,,,,,
for,diving,into,data,science!,Tons,of,resources,and,support,to,help,you,master,the,field,in,a,chill,environment.,They,also,offer,manageable,"timings,",making,it,perfect,for,working,professionals.,"Plus,",they,regularly,test,your,knowledge,to,keep,you,on,track.,,,,,,,,,,,,,,,,,,,,,,,,,,,,,,,,,,,
is,a,very,good,organization,to,work,and,grow.,,,,,,,,,,,,,,,,,,,,,,,,,,,,,,,,,,,,,,,,,,,,,,,,,,,,,,,,,,,,,,,,,,,,
of,course,is,very,good.,,,,,,,,,,,,,,,,,,,,,,,,,,,,,,,,,,,,,,,,,,,,,,,,,,,,,,,,,,,,,,,,,,,,,,,,
on,its,educational,"journey,",Dataplay,showcases,promise,with,its,dynamic,curriculum,and,dedicated,"faculty,",shaping,a,vibrant,learning,community,,,,,,,,,,,,,,,,,,,,,,,,,,,,,,,,,,,,,,,,,,,,,,,,,,,,,,,,,,
is,a,very,good,organisation,to,work,with,and,grow.,Nishant,sir,and,Mam,both,are,really,helpful,and,guiding.,Work,environment,is,good,and,proper,learning,is,provided.,,,,,,,,,,,,,,,,,,,,,,,,,,,,,,,,,,,,,,,,,,,,,,,,
people,and,Nice,place,to,work,with.,,,,,,,,,,,,,,,,,,,,,,,,,,,,,,,,,,,,,,,,,,,,,,,,,,,,,,,,,,,,,,,,,,,,,,
people,and,place,to,work,with.,,,,,,,,,,,,,,,,,,,,,,,,,,,,,,,,,,,,,,,,,,,,,,,,,,,,,,,,,,,,,,,,,,,,,,,
learning,,,,,,,,,,,,,,,,,,,,,,,,,,,,,,,,,,,,,,,,,,,,,,,,,,,,,,,,,,,,,,,,,,,,,,,,,,,,
place,to,begin,learning,data,science.,,,,,,,,,,,,,,,,,,,,,,,,,,,,,,,,,,,,,,,,,,,,,,,,,,,,,,,,,,,,,,,,,,,,,,,
Initiative,by,Mahima,and,"Nishant,",really,enjoyed,the,seminar,organized.,Appreciate,the,effort,they,are,putting,to,train,students,in,Data,Analatics,and,Data,Science,track.,üéâüëè.,,,,,,,,,,,,,,,,,,,,,,,,,,,,,,,,,,,,,,,,,,,,,,,,,,
seminar,,,,,,,,,,,,,,,,,,,,,,,,,,,,,,,,,,,,,,,,,,,,,,,,,,,,,,,,,,,,,,,,,,,,,,,,,,,,